{
    "loss": 0.6774973273277283,
    "accuracy": 0.8397641777992249
}