{
    "loss": 0.5813416242599487,
    "accuracy": 0.8247588276863098
}